name,sq_km
Texas,684969.02182552
Kentucky,104576.978127531
Alaska,1505331.98462323
